{
  "images" : [
    {
      "idiom" : "iphone",
      "scale" : "1x",
      "filename" : "d-audio-1.png"
    },
    {
      "idiom" : "iphone",
      "scale" : "2x",
      "filename" : "d-audio@2x-1.png"
    },
    {
      "idiom" : "iphone",
      "scale" : "3x"
    },
    {
      "idiom" : "ipad",
      "scale" : "1x",
      "filename" : "d-audio.png"
    },
    {
      "idiom" : "ipad",
      "scale" : "2x",
      "filename" : "d-audio@2x.png"
    }
  ],
  "info" : {
    "version" : 1,
    "author" : "xcode"
  }
}