{
  "images" : [
    {
      "idiom" : "iphone",
      "scale" : "1x",
      "filename" : "empty_screen_notification4.png"
    },
    {
      "idiom" : "iphone",
      "scale" : "2x",
      "filename" : "notification_emptyscreen@2x.png"
    },
    {
      "idiom" : "iphone",
      "filename" : "empty_screen_notification5.png",
      "subtype" : "retina4",
      "scale" : "2x"
    },
    {
      "idiom" : "iphone",
      "scale" : "3x"
    },
    {
      "idiom" : "ipad",
      "scale" : "1x",
      "filename" : "emptyscreens_notification.png"
    },
    {
      "idiom" : "ipad",
      "scale" : "2x",
      "filename" : "emptyscreens_notification@2x.png"
    }
  ],
  "info" : {
    "version" : 1,
    "author" : "xcode"
  }
}