{
  "images" : [
    {
      "idiom" : "iphone",
      "scale" : "1x"
    },
    {
      "idiom" : "iphone",
      "scale" : "2x",
      "filename" : "consulta_pedidos_articulos@2x.png"
    },
    {
      "idiom" : "iphone",
      "filename" : "consulta_pedidos_articulos@2x-1.png",
      "subtype" : "retina4",
      "scale" : "2x"
    },
    {
      "idiom" : "iphone",
      "scale" : "3x"
    },
    {
      "idiom" : "ipad",
      "scale" : "1x",
      "filename" : "consultar_articulos_pedidos.png"
    },
    {
      "idiom" : "ipad",
      "scale" : "2x",
      "filename" : "consulta_articulos_pedidos@2x.png"
    }
  ],
  "info" : {
    "version" : 1,
    "author" : "xcode"
  }
}