{
  "images" : [
    {
      "idiom" : "iphone",
      "scale" : "1x",
      "filename" : "topSales.png"
    },
    {
      "idiom" : "iphone",
      "scale" : "2x",
      "filename" : "topSales@2x.png"
    },
    {
      "idiom" : "iphone",
      "scale" : "3x"
    },
    {
      "idiom" : "ipad",
      "scale" : "1x",
      "filename" : "top_sales.png"
    },
    {
      "idiom" : "ipad",
      "scale" : "2x",
      "filename" : "top_sales@2x.png"
    }
  ],
  "info" : {
    "version" : 1,
    "author" : "xcode"
  }
}