{
  "images" : [
    {
      "idiom" : "iphone",
      "scale" : "1x",
      "filename" : "orders_bg.png"
    },
    {
      "idiom" : "iphone",
      "scale" : "2x",
      "filename" : "orders_bg@2x.png"
    },
    {
      "idiom" : "iphone",
      "scale" : "3x"
    },
    {
      "idiom" : "ipad",
      "scale" : "1x",
      "filename" : "list_empty.png"
    },
    {
      "idiom" : "ipad",
      "scale" : "2x",
      "filename" : "list_empty@2x.png"
    }
  ],
  "info" : {
    "version" : 1,
    "author" : "xcode"
  }
}