{
  "images" : [
    {
      "idiom" : "iphone",
      "scale" : "1x",
      "filename" : "d-juguetes-1.png"
    },
    {
      "idiom" : "iphone",
      "scale" : "2x",
      "filename" : "d-juguetes@2x-1.png"
    },
    {
      "idiom" : "iphone",
      "scale" : "3x"
    },
    {
      "idiom" : "ipad",
      "scale" : "1x",
      "filename" : "d-juguetes.png"
    },
    {
      "idiom" : "ipad",
      "scale" : "2x",
      "filename" : "d-juguetes@2x.png"
    }
  ],
  "info" : {
    "version" : 1,
    "author" : "xcode"
  }
}