{
  "images" : [
    {
      "idiom" : "iphone",
      "scale" : "1x",
      "filename" : "d-Panaderia-y-tortilleria.png"
    },
    {
      "idiom" : "iphone",
      "scale" : "2x",
      "filename" : "d-Panaderia-y-tortilleria@2x.png"
    },
    {
      "idiom" : "iphone",
      "scale" : "3x"
    },
    {
      "idiom" : "ipad",
      "scale" : "1x",
      "filename" : "panaderia_tortilleria.png"
    },
    {
      "idiom" : "ipad",
      "scale" : "2x",
      "filename" : "panaderia_tortilleria@2x.png"
    }
  ],
  "info" : {
    "version" : 1,
    "author" : "xcode"
  }
}