{
  "images" : [
    {
      "idiom" : "iphone",
      "scale" : "1x",
      "filename" : "profile_Bg.png"
    },
    {
      "idiom" : "iphone",
      "scale" : "2x",
      "filename" : "profile_Bg@2x.png"
    },
    {
      "idiom" : "iphone",
      "scale" : "3x"
    },
    {
      "idiom" : "ipad",
      "scale" : "1x",
      "filename" : "profileBg.png"
    },
    {
      "idiom" : "ipad",
      "scale" : "2x",
      "filename" : "profileBg@2x.png"
    }
  ],
  "info" : {
    "version" : 1,
    "author" : "xcode"
  }
}