{
  "images" : [
    {
      "idiom" : "iphone",
      "scale" : "1x",
      "filename" : "detail_HeaderMail.png"
    },
    {
      "idiom" : "iphone",
      "scale" : "2x",
      "filename" : "detail_HeaderMail@2x.png"
    },
    {
      "idiom" : "iphone",
      "scale" : "3x"
    },
    {
      "idiom" : "ipad",
      "scale" : "1x",
      "filename" : "share_header.png"
    },
    {
      "idiom" : "ipad",
      "scale" : "2x",
      "filename" : "share_header@2x.png"
    }
  ],
  "info" : {
    "version" : 1,
    "author" : "xcode"
  }
}