{
  "images" : [
    {
      "idiom" : "iphone",
      "scale" : "1x",
      "filename" : "profile_adress.png"
    },
    {
      "idiom" : "iphone",
      "scale" : "2x",
      "filename" : "profile_adress@2x.png"
    },
    {
      "idiom" : "iphone",
      "scale" : "3x"
    },
    {
      "idiom" : "ipad",
      "scale" : "1x",
      "filename" : "myAddresses.png"
    },
    {
      "idiom" : "ipad",
      "scale" : "2x",
      "filename" : "myAddresses@2x.png"
    }
  ],
  "info" : {
    "version" : 1,
    "author" : "xcode"
  }
}