{
  "images" : [
    {
      "idiom" : "iphone",
      "scale" : "1x",
      "filename" : "search_scaner.png"
    },
    {
      "idiom" : "iphone",
      "scale" : "2x",
      "filename" : "search_scaner@2x.png"
    },
    {
      "idiom" : "iphone",
      "scale" : "3x"
    },
    {
      "idiom" : "ipad",
      "scale" : "1x",
      "filename" : "search_scanner.png"
    },
    {
      "idiom" : "ipad",
      "scale" : "2x",
      "filename" : "search_scanner@2x.png"
    }
  ],
  "info" : {
    "version" : 1,
    "author" : "xcode"
  }
}