<?xml version="1.0" encoding="UTF-8"?>
<project-private xmlns="http://www.netbeans.org/ns/project-private/1">
    <editor-bookmarks xmlns="http://www.netbeans.org/ns/editor-bookmarks/2" lastBookmarkId="0"/>
    <open-files xmlns="http://www.netbeans.org/ns/projectui-open-files/2">
        <group>
            <file>file:/Users/rey/Sites/CookSave/www/inventoryStatus.html</file>
            <file>file:/Users/rey/Sites/CookSave/www/recipes.html</file>
            <file>file:/Users/rey/Sites/CookSave/www/addProduct.html</file>
            <file>file:/Users/rey/Sites/CookSave/www/index.html</file>
            <file>file:/Users/rey/Sites/CookSave/www/alarmas.html</file>
            <file>file:/Users/rey/Sites/CookSave/www/tips.html</file>
            <file>file:/Users/rey/Sites/CookSave/www/js/foodessentials.js</file>
            <file>file:/Users/rey/Sites/CookSave/www/js/index.js</file>
            <file>file:/Users/rey/Sites/CookSave/www/js/jquery.min.js</file>
        </group>
    </open-files>
</project-private>
