{
  "images" : [
    {
      "idiom" : "iphone",
      "scale" : "1x",
      "filename" : "categories_default.png"
    },
    {
      "idiom" : "iphone",
      "scale" : "2x",
      "filename" : "categories_default@2x.png"
    },
    {
      "idiom" : "iphone",
      "scale" : "3x"
    },
    {
      "idiom" : "ipad",
      "scale" : "1x",
      "filename" : "i_libros-walmart.png"
    },
    {
      "idiom" : "ipad",
      "scale" : "2x",
      "filename" : "i_libros-walmart@2x.png"
    }
  ],
  "info" : {
    "version" : 1,
    "author" : "xcode"
  }
}