{
  "images" : [
    {
      "idiom" : "iphone",
      "scale" : "1x",
      "filename" : "detail_share_selected.png"
    },
    {
      "idiom" : "iphone",
      "scale" : "2x",
      "filename" : "detail_share_selected@2x.png"
    },
    {
      "idiom" : "iphone",
      "scale" : "3x"
    },
    {
      "idiom" : "ipad",
      "scale" : "1x",
      "filename" : "detail_share_active.png"
    },
    {
      "idiom" : "ipad",
      "scale" : "2x",
      "filename" : "detail_share_active@2x.png"
    }
  ],
  "info" : {
    "version" : 1,
    "author" : "xcode"
  }
}